use artgallery;

INSERT INTO users (uuid, name, email, password, role, bio, profile_image_url, joined_date, last_active, location, website, social) VALUES
('11111111-1111-1111-1111-111111111111', 'Rahul Sharma', 'rahul.sharma@example.com', 'hashed_password1', 'artist', 'Contemporary artist from Mumbai specializing in abstract paintings.', 'https://images.pexels.com/photos/220453/pexels-photo-220453.jpeg', '2022-01-15 10:30:00', '2023-04-20 14:25:00', 'Mumbai, India', 'http://rahulsharmaart.com', '{"instagram": "@rahulsharmaart", "twitter": "@rsharmaart"}'),
('22222222-2222-2222-2222-222222222222', 'Priya Patel', 'priya.patel@example.com', 'hashed_password2', 'artist', 'Traditional Madhubani painter preserving ancient Indian art forms.', 'https://images.pexels.com/photos/774909/pexels-photo-774909.jpeg', '2022-02-10 11:15:00', '2023-04-21 09:45:00', 'Bihar, India', 'http://priyapatelart.com', '{"instagram": "@madhubanibypriya", "facebook": "PriyaPatelArt"}'),
('33333333-3333-3333-3333-333333333333', 'Arjun Singh', 'arjun.singh@example.com', 'hashed_password3', 'student', 'Art student at Delhi College of Art exploring various mediums.', 'https://images.pexels.com/photos/1222271/pexels-photo-1222271.jpeg', '2022-03-05 14:20:00', '2023-04-19 18:30:00', 'New Delhi, India', NULL, '{"instagram": "@arjunartjourney"}'),
('44444444-4444-4444-4444-444444444444', 'Meera Desai', 'meera.desai@example.com', 'hashed_password4', 'collector', 'Art collector with focus on emerging Indian contemporary artists.', 'https://images.pexels.com/photos/415829/pexels-photo-415829.jpeg', '2022-01-20 09:00:00', '2023-04-22 11:15:00', 'Bangalore, India', NULL, '{"linkedin": "meera-desai-art-collector"}'),
('55555555-5555-5555-5555-555555555555', 'National Gallery of Modern Art', 'ngma@example.com', 'hashed_password5', 'institution', 'Premier art institution promoting Indian modern and contemporary art.', 'https://images.pexels.com/photos/2580061/pexels-photo-2580061.jpeg', '2022-01-01 08:00:00', '2023-04-22 16:45:00', 'New Delhi, India', 'http://ngmaindia.gov.in', '{"twitter": "@NGMAIndia", "facebook": "NGMAIndia"}'),
('66666666-6666-6666-6666-666666666666', 'Vikram Joshi', 'vikram.joshi@example.com', 'hashed_password6', 'supporter', 'Art enthusiast supporting local artists through purchases and promotion.', 'https://images.pexels.com/photos/2379004/pexels-photo-2379004.jpeg', '2022-02-15 12:30:00', '2023-04-21 20:15:00', 'Pune, India', NULL, '{"instagram": "@artlover_vikram"}'),
('77777777-7777-7777-7777-777777777777', 'Admin User', 'admin@artplatform.com', 'hashed_password7', 'admin', 'Platform administrator managing content and users.', 'https://images.pexels.com/photos/3184611/pexels-photo-3184611.jpeg', '2022-01-01 00:00:00', '2023-04-22 23:59:00', 'Mumbai, India', 'http://artplatform.com', '{}'),
('88888888-8888-8888-8888-888888888888', 'Ananya Reddy', 'ananya.reddy@example.com', 'hashed_password8', 'artist', 'Hyderabad-based sculptor working with stone and metal.', 'https://images.pexels.com/photos/1181686/pexels-photo-1181686.jpeg', '2022-03-10 16:45:00', '2023-04-20 13:20:00', 'Hyderabad, India', 'http://ananyareddyart.com', '{"instagram": "@ananyasculpts", "twitter": "@ananya_reddy"}'),
('99999999-9999-9999-9999-999999999999', 'Kiran Mehta', 'kiran.mehta@example.com', 'hashed_password9', 'student', 'Studying art conservation at Mumbai University.', 'https://images.pexels.com/photos/1239291/pexels-photo-1239291.jpeg', '2022-04-05 10:10:00', '2023-04-19 17:50:00', 'Mumbai, India', NULL, '{}'),
('aaaaaaaa-aaaa-aaaa-aaaa-aaaaaaaaaaaa', 'Rajiv Malhotra', 'rajiv.malhotra@example.com', 'hashed_password10', 'collector', 'Collects traditional Indian miniature paintings.', 'https://images.pexels.com/photos/2182970/pexels-photo-2182970.jpeg', '2022-02-28 14:00:00', '2023-04-22 10:30:00', 'Jaipur, India', NULL, '{"linkedin": "rajiv-malhotra-art-collector"}'),
('bbbbbbbb-bbbb-bbbb-bbbb-bbbbbbbbbbbb', 'Sunita Rao', 'sunita.rao@example.com', 'hashed_password11', 'artist', 'Watercolor artist capturing landscapes of South India.', 'https://images.pexels.com/photos/1181519/pexels-photo-1181519.jpeg', '2022-03-15 11:20:00', '2023-04-21 15:45:00', 'Chennai, India', 'http://sunitaraoart.com', '{"instagram": "@sunita_watercolors"}'),
('cccccccc-cccc-cccc-cccc-cccccccccccc', 'Delhi Art Foundation', 'delhiart@example.com', 'hashed_password12', 'institution', 'Non-profit promoting public art in Delhi.', 'https://images.pexels.com/photos/1592384/pexels-photo-1592384.jpeg', '2022-01-10 09:30:00', '2023-04-22 18:00:00', 'New Delhi, India', 'http://delhiartfoundation.org', '{"twitter": "@DelhiArtFDN", "facebook": "DelhiArtFoundation"}'),
('dddddddd-dddd-dddd-dddd-dddddddddddd', 'Amit Banerjee', 'amit.banerjee@example.com', 'hashed_password13', 'supporter', 'Supports street art initiatives across Kolkata.', 'https://images.pexels.com/photos/1680172/pexels-photo-1680172.jpeg', '2022-02-20 13:15:00', '2023-04-20 19:30:00', 'Kolkata, India', NULL, '{"instagram": "@kolkata_streetart"}'),
('eeeeeeee-eeee-eeee-eeee-eeeeeeeeeeee', 'Neha Gupta', 'neha.gupta@example.com', 'hashed_password14', 'student', 'Photography student at JJ School of Art, Mumbai.', 'https://images.pexels.com/photos/1181685/pexels-photo-1181685.jpeg', '2022-04-01 08:45:00', '2023-04-19 21:15:00', 'Mumbai, India', NULL, '{"instagram": "@nehaphotojourney"}'),
('ffffffff-ffff-ffff-ffff-ffffffffffff', 'Bharat Arts Trust', 'bharatart@example.com', 'hashed_password15', 'institution', 'Trust preserving and promoting folk art traditions.', 'https://images.pexels.com/photos/159579/taj-mahal-agra-india-architecture-159579.jpeg', '2022-01-05 10:00:00', '2023-04-21 17:00:00', 'Agra, India', 'http://bharatartstrust.org', '{"facebook": "BharatArtsTrust"}'),
('11111111-2222-3333-4444-555555555555', 'Sanjay Verma', 'sanjay.verma@example.com', 'hashed_password16', 'artist', 'Digital artist creating futuristic interpretations of Indian mythology.', 'https://images.pexels.com/photos/1681010/pexels-photo-1681010.jpeg', '2022-03-20 14:30:00', '2023-04-22 14:20:00', 'Bangalore, India', 'http://sanjayverma.digital', '{"instagram": "@sanjay_digitalart", "artstation": "sanjayverma"}'),
('22222222-3333-4444-5555-666666666666', 'Lata Krishnan', 'lata.krishnan@example.com', 'hashed_password17', 'collector', 'Focuses on collecting works by women artists from India.', 'https://images.pexels.com/photos/1181424/pexels-photo-1181424.jpeg', '2022-02-05 11:45:00', '2023-04-21 12:30:00', 'Chennai, India', NULL, '{"linkedin": "lata-krishnan-art-collector"}'),
('33333333-4444-5555-6666-777777777777', 'Mumbai Art Collective', 'mumbaiart@example.com', 'hashed_password18', 'institution', 'Artist-run collective organizing exhibitions and workshops.', 'https://images.pexels.com/photos/290275/pexels-photo-290275.jpeg', '2022-01-25 15:20:00', '2023-04-22 19:45:00', 'Mumbai, India', 'http://mumbaiartcollective.com', '{"instagram": "@mumbaiartcollective"}'),
('44444444-5555-6666-7777-888888888888', 'Rohan Kapoor', 'rohan.kapoor@example.com', 'hashed_password19', 'supporter', 'Sponsors art education programs in rural areas.', 'https://images.pexels.com/photos/555790/pexels-photo-555790.jpeg', '2022-03-01 09:15:00', '2023-04-20 16:50:00', 'Ahmedabad, India', NULL, '{}'),
('55555555-6666-7777-8888-999999999999', 'Ishita Malhotra', 'ishita.malhotra@example.com', 'hashed_password20', 'student', 'Studying art history at University of Delhi.', 'https://images.pexels.com/photos/3764119/pexels-photo-3764119.jpeg', '2022-04-10 13:50:00', '2023-04-19 22:10:00', 'New Delhi, India', NULL, '{"instagram": "@ishita_arthistory"}');

INSERT INTO artworks (uuid, artist_id, title, description, image_url, additional_images, categories, tags, medium, dimensions, creation_date, price) VALUES
('a1111111-1111-1111-1111-111111111111', '11111111-1111-1111-1111-111111111111', 'Cosmic Dance', 'Abstract interpretation of Shiva Nataraja in vibrant colors', 'https://images.pexels.com/photos/102127/pexels-photo-102127.jpeg', '["https://images.pexels.com/photos/102127/pexels-photo-102127.jpeg", "https://images.pexels.com/photos/102127/pexels-photo-102127.jpeg"]', '["abstract", "spiritual"]', '["shiva", "contemporary", "indian"]', 'Acrylic on canvas', '36x48 inches', '2023-01-15', 120000.00),
('a2222222-2222-2222-2222-222222222222', '22222222-2222-2222-2222-222222222222', 'Ganga Aarti', 'Traditional Madhubani depiction of the Ganga Aarti ceremony', 'https://images.pexels.com/photos/1374295/pexels-photo-1374295.jpeg', '[]', '["traditional", "folk"]', '["madhubani", "ganga", "ritual"]', 'Natural pigments on handmade paper', '24x36 inches', '2022-11-20', 75000.00),
('a3333333-3333-3333-3333-333333333333', '11111111-1111-1111-1111-111111111111', 'Urban Chaos', 'Abstract cityscape of Mumbai with layered textures', 'https://images.pexels.com/photos/1642125/pexels-photo-1642125.jpeg', '[]', '["abstract", "urban"]', '["mumbai", "city", "modern"]', 'Mixed media on canvas', '48x60 inches', '2022-12-10', 180000.00),
('a4444444-4444-4444-4444-444444444444', '88888888-8888-8888-8888-888888888888', 'Shakti', 'Bronze sculpture inspired by Hindu goddesses', 'https://images.pexels.com/photos/2437299/pexels-photo-2437299.jpeg', '["https://images.pexels.com/photos/2437299/pexels-photo-2437299.jpeg", "https://images.pexels.com/photos/2437299/pexels-photo-2437299.jpeg"]', '["sculpture", "figurative"]', '["shakti", "feminine", "bronze"]', 'Bronze', '18x12x8 inches', '2023-02-28', 250000.00),
('a5555555-5555-5555-5555-555555555555', 'bbbbbbbb-bbbb-bbbb-bbbb-bbbbbbbbbbbb', 'Monsoon in Kerala', 'Watercolor capturing the lush greenery during monsoon', 'https://images.pexels.com/photos/3224164/pexels-photo-3224164.jpeg', '[]', '["landscape", "watercolor"]', '["kerala", "monsoon", "nature"]', 'Watercolor on paper', '16x20 inches', '2022-09-15', 45000.00),
('a6666666-6666-6666-6666-666666666666', '11111111-2222-3333-4444-555555555555', 'Digital Devi', 'Futuristic digital painting of Goddess Lakshmi', 'https://images.pexels.com/photos/270637/pexels-photo-270637.jpeg', '[]', '["digital", "fantasy"]', '["lakshmi", "future", "mythology"]', 'Digital art print', '24x36 inches', '2023-03-10', 60000.00),
('a7777777-7777-7777-7777-777777777777', '22222222-2222-2222-2222-222222222222', 'Wedding Rituals', 'Madhubani painting depicting traditional Indian wedding ceremonies', 'https://images.pexels.com/photos/931007/pexels-photo-931007.jpeg', '[]', '["folk", "narrative"]', '["wedding", "tradition", "ceremony"]', 'Natural pigments on handmade paper', '18x24 inches', '2022-10-05', 55000.00),
('a8888888-8888-8888-8888-888888888888', 'bbbbbbbb-bbbb-bbbb-bbbb-bbbbbbbbbbbb', 'Goa Sunset', 'Vibrant watercolor of a Goan beach at sunset', 'https://images.pexels.com/photos/994605/pexels-photo-994605.jpeg', '[]', '["seascape", "watercolor"]', '["goa", "beach", "sunset"]', 'Watercolor on paper', '12x16 inches', '2023-01-20', 38000.00),
('a9999999-9999-9999-9999-999999999999', '88888888-8888-8888-8888-888888888888', 'Dancing Peacock', 'Metal sculpture of India national bird in motion', 'https://images.pexels.com/photos/45911/peacock-plumage-bird-peafowl-45911.jpeg', '[]', '["sculpture", "animal"]', '["peacock", "metalwork", "movement"]', 'Stainless steel', '24x18x12 inches', '2022-11-30', 175000.00),
('aaaaaaaa-aaaa-aaaa-aaaa-aaaaaaaaaaaa', '11111111-1111-1111-1111-111111111111', 'Metropolis', 'Abstract representation of urban growth and decay', 'https://images.pexels.com/photos/323780/pexels-photo-323780.jpeg', '[]', '["abstract", "urban"]', '["city", "architecture", "modern"]', 'Oil and acrylic on canvas', '36x48 inches', '2022-12-25', 150000.00),
('abbbbbbb-bbbb-bbbb-bbbb-bbbbbbbbbbbb', '11111111-2222-3333-4444-555555555555', 'Cyber Ganesha', 'Digital art merging Lord Ganesha with cyberpunk aesthetics', 'https://images.pexels.com/photos/373543/pexels-photo-373543.jpeg', '[]', '["digital", "fantasy"]', '["ganesha", "cyberpunk", "future"]', 'Digital art print', '20x30 inches', '2023-02-15', 65000.00),
('accccccc-cccc-cccc-cccc-cccccccccccc', 'bbbbbbbb-bbbb-bbbb-bbbb-bbbbbbbbbbbb', 'Himalayan Dawn', 'Watercolor of sunrise in the Himalayas', 'https://images.pexels.com/photos/3408744/pexels-photo-3408744.jpeg', '[]', '["landscape", "watercolor"]', '["himalayas", "mountains", "sunrise"]', 'Watercolor on paper', '18x24 inches', '2022-08-10', 52000.00),
('addddddd-dddd-dddd-dddd-dddddddddddd', '22222222-2222-2222-2222-222222222222', 'Harvest Festival', 'Madhubani painting celebrating rural harvest traditions', 'https://images.pexels.com/photos/1112080/pexels-photo-1112080.jpeg', '[]', '["folk", "narrative"]', '["harvest", "village", "celebration"]', 'Natural pigments on handmade paper', '24x36 inches', '2022-09-30', 85000.00),
('aeeeeeee-eeee-eeee-eeee-eeeeeeeeeeee', '88888888-8888-8888-8888-888888888888', 'Yoga Dancer', 'Bronze sculpture of a dancer in yoga pose', 'https://images.pexels.com/photos/1812964/pexels-photo-1812964.jpeg', '[]', '["sculpture", "figurative"]', '["yoga", "dance", "bronze"]', 'Bronze', '14x8x6 inches', '2023-01-05', 195000.00),
('afffffff-ffff-ffff-ffff-ffffffffffff', '11111111-1111-1111-1111-111111111111', 'Sacred Geometry', 'Abstract work exploring spiritual geometry patterns', 'https://images.pexels.com/photos/102127/pexels-photo-102127.jpeg', '[]', '["abstract", "spiritual"]', '["geometry", "mandala", "meditation"]', 'Acrylic and ink on canvas', '30x30 inches', '2023-03-01', 95000.00),
('b1111111-1111-1111-1111-111111111111', '11111111-2222-3333-4444-555555555555', 'AI Buddha', 'Digital portrait of Buddha with circuit board patterns', 'https://images.pexels.com/photos/373543/pexels-photo-373543.jpeg', '[]', '["digital", "portrait"]', '["buddha", "technology", "spirituality"]', 'Digital art print', '24x36 inches', '2023-02-10', 70000.00),
('b2222222-2222-2222-2222-222222222222', 'bbbbbbbb-bbbb-bbbb-bbbb-bbbbbbbbbbbb', 'Kerala Backwaters', 'Serene watercolor of traditional houseboats', 'https://images.pexels.com/photos/3224164/pexels-photo-3224164.jpeg', '[]', '["landscape", "watercolor"]', '["kerala", "backwaters", "houseboat"]', 'Watercolor on paper', '14x20 inches', '2022-10-20', 48000.00),
('b3333333-3333-3333-3333-333333333333', '22222222-2222-2222-2222-222222222222', 'Festival of Lights', 'Madhubani depiction of Diwali celebrations', 'https://images.pexels.com/photos/931007/pexels-photo-931007.jpeg', '[]', '["folk", "festival"]', '["diwali", "lights", "celebration"]', 'Natural pigments on handmade paper', '18x24 inches', '2022-11-10', 65000.00),
('b4444444-4444-4444-4444-444444444444', '88888888-8888-8888-8888-888888888888', 'Elephant Procession', 'Metal sculpture of temple elephants in procession', 'https://images.pexels.com/photos/247502/pexels-photo-247502.jpeg', '[]', '["sculpture", "animal"]', '["elephant", "temple", "procession"]', 'Brass and copper', '20x12x8 inches', '2022-12-15', 220000.00),
('b5555555-5555-5555-5555-555555555555', '11111111-1111-1111-1111-111111111111', 'Bollywood Dreams', 'Abstract collage inspired by Indian cinema', 'https://images.pexels.com/photos/1117132/pexels-photo-1117132.jpeg', '[]', '["abstract", "pop"]', '["bollywood", "cinema", "colorful"]', 'Mixed media on canvas', '40x60 inches', '2023-02-20', 160000.00);

INSERT INTO comments (uuid, user_id, artwork_id, comment, creation_timestamp) VALUES
('c1111111-1111-1111-1111-111111111111', '33333333-3333-3333-3333-333333333333', 'a1111111-1111-1111-1111-111111111111', 'The colors in this piece are mesmerizing! How did you achieve such vibrant tones?', '2023-01-20 14:30:00'),
('c2222222-2222-2222-2222-222222222222', '44444444-4444-4444-4444-444444444444', 'a2222222-2222-2222-2222-222222222222', 'This captures the essence of Varanasi so beautifully. Takes me back to my visit last year.', '2023-01-25 11:15:00'),
('c3333333-3333-3333-3333-333333333333', '66666666-6666-6666-6666-666666666666', 'a3333333-3333-3333-3333-333333333333', 'The textures in this urban landscape are incredible. Can you share your technique?', '2023-01-15 16:45:00'),
('c4444444-4444-4444-4444-444444444444', '99999999-9999-9999-9999-999999999999', 'a4444444-4444-4444-4444-444444444444', 'The balance in this sculpture is remarkable. How did you approach the composition?', '2023-03-05 10:20:00'),
('c5555555-5555-5555-5555-555555555555', '33333333-3333-3333-3333-333333333333', 'a5555555-5555-5555-5555-555555555555', 'This watercolor perfectly captures the monsoon atmosphere. The greens are so lush!', '2023-01-22 09:30:00'),
('c6666666-6666-6666-6666-666666666666', 'aaaaaaaa-aaaa-aaaa-aaaa-aaaaaaaaaaaa', 'a6666666-6666-6666-6666-666666666666', 'Fascinating fusion of tradition and technology. Would love to see more in this series!', '2023-03-15 14:10:00'),
('c7777777-7777-7777-7777-777777777777', 'eeeeeeee-eeee-eeee-eeee-eeeeeeeeeeee', 'a7777777-7777-7777-7777-777777777777', 'The details in the wedding attire are so precise. How long did this piece take?', '2023-01-10 18:20:00'),
('c8888888-8888-8888-8888-888888888888', 'dddddddd-dddd-dddd-dddd-dddddddddddd', 'a8888888-8888-8888-8888-888888888888', 'The light in this sunset is breathtaking. Youve captured Goas magic perfectly.', '2023-01-25 15:45:00'),
('c9999999-9999-9999-9999-999999999999', '55555555-6666-7777-8888-999999999999', 'a9999999-9999-9999-9999-999999999999', 'The movement in this peacock sculpture is so dynamic! What inspired this piece?', '2023-02-05 12:30:00'),
('caaaaaaa-aaaa-aaaa-aaaa-aaaaaaaaaaaa', '33333333-3333-3333-3333-333333333333', 'aaaaaaaa-aaaa-aaaa-aaaa-aaaaaaaaaaaa', 'The layers in this urban abstract are fascinating. What materials did you use?', '2023-01-30 17:15:00'),
('cbbbbbbb-bbbb-bbbb-bbbb-bbbbbbbbbbbb', '11111111-2222-3333-4444-555555555555', 'abbbbbbb-bbbb-bbbb-bbbb-bbbbbbbbbbbb', 'As the artist, I wanted to thank everyone for their kind comments on my Cyber Ganesha series!', '2023-02-20 10:00:00'),
('cccccccc-cccc-cccc-cccc-cccccccccccc', '44444444-5555-6666-7777-888888888888', 'accccccc-cccc-cccc-cccc-cccccccccccc', 'This Himalayan scene is so peaceful. It would be perfect for my meditation room.', '2023-02-01 11:45:00'),
('cddddddd-dddd-dddd-dddd-dddddddddddd', '22222222-3333-4444-5555-666666666666', 'addddddd-dddd-dddd-dddd-dddddddddddd', 'The harvest festival details bring back childhood memories. Beautiful work!', '2023-01-05 14:20:00'),
('ceeeeeee-eeee-eeee-eeee-eeeeeeeeeeee', '33333333-3333-3333-3333-333333333333', 'aeeeeeee-eeee-eeee-eeee-eeeeeeeeeeee', 'The balance in this yoga pose is incredible. How did you achieve such precision?', '2023-01-15 09:10:00'),
('cfffffff-ffff-ffff-ffff-ffffffffffff', '66666666-6666-6666-6666-666666666666', 'afffffff-ffff-ffff-ffff-ffffffffffff', 'The geometric patterns are hypnotic. Is there symbolic meaning behind them?', '2023-03-05 16:30:00'),
('d1111111-1111-1111-1111-111111111111', '55555555-6666-7777-8888-999999999999', 'b1111111-1111-1111-1111-111111111111', 'This fusion of spirituality and technology is thought-provoking. Well done!', '2023-02-15 13:25:00'),
('d2222222-2222-2222-2222-222222222222', 'bbbbbbbb-bbbb-bbbb-bbbb-bbbbbbbbbbbb', 'b2222222-2222-2222-2222-222222222222', 'As the artist, Im so glad you all appreciate my Kerala series. More watercolors coming soon!', '2023-02-25 10:50:00'),
('d3333333-3333-3333-3333-333333333333', '44444444-4444-4444-4444-444444444444', 'b3333333-3333-3333-3333-333333333333', 'The Diwali lights glow right off the paper. Stunning traditional technique!', '2023-01-20 15:40:00'),
('d4444444-4444-4444-4444-444444444444', '88888888-8888-8888-8888-888888888888', 'b4444444-4444-4444-4444-444444444444', 'Thank you all for your comments on my elephant procession sculpture!', '2023-02-10 12:15:00'),
('d5555555-5555-5555-5555-555555555555', '33333333-4444-5555-6666-777777777777', 'b5555555-5555-5555-5555-555555555555', 'The Bollywood energy jumps off the canvas. What a vibrant celebration of our cinema!', '2023-03-01 18:05:00');


INSERT INTO likes (uuid, user_id, artwork_id, creation_timestamp) VALUES
('l1111111-1111-1111-1111-111111111111', '33333333-3333-3333-3333-333333333333', 'a1111111-1111-1111-1111-111111111111', '2023-01-18 14:25:00'),
('l2222222-2222-2222-2222-222222222222', '44444444-4444-4444-4444-444444444444', 'a2222222-2222-2222-2222-222222222222', '2023-01-23 11:10:00'),
('l3333333-3333-3333-3333-333333333333', '66666666-6666-6666-6666-666666666666', 'a3333333-3333-3333-3333-333333333333', '2023-01-13 16:40:00'),
('l4444444-4444-4444-4444-444444444444', '99999999-9999-9999-9999-999999999999', 'a4444444-4444-4444-4444-444444444444', '2023-03-03 10:15:00'),
('l5555555-5555-5555-5555-555555555555', '33333333-3333-3333-3333-333333333333', 'a5555555-5555-5555-5555-555555555555', '2023-01-20 09:25:00'),
('l6666666-6666-6666-6666-666666666666', 'aaaaaaaa-aaaa-aaaa-aaaa-aaaaaaaaaaaa', 'a6666666-6666-6666-6666-666666666666', '2023-03-13 14:05:00'),
('l7777777-7777-7777-7777-777777777777', 'eeeeeeee-eeee-eeee-eeee-eeeeeeeeeeee', 'a7777777-7777-7777-7777-777777777777', '2023-01-08 18:15:00'),
('l8888888-8888-8888-8888-888888888888', 'dddddddd-dddd-dddd-dddd-dddddddddddd', 'a8888888-8888-8888-8888-888888888888', '2023-01-23 15:40:00'),
('l9999999-9999-9999-9999-999999999999', '55555555-6666-7777-8888-999999999999', 'a9999999-9999-9999-9999-999999999999', '2023-02-03 12:25:00'),
('laaaaaaa-aaaa-aaaa-aaaa-aaaaaaaaaaaa', '33333333-3333-3333-3333-333333333333', 'aaaaaaaa-aaaa-aaaa-aaaa-aaaaaaaaaaaa', '2023-01-28 17:10:00'),
('lbbbbbbb-bbbb-bbbb-bbbb-bbbbbbbbbbbb', '11111111-2222-3333-4444-555555555555', 'abbbbbbb-bbbb-bbbb-bbbb-bbbbbbbbbbbb', '2023-02-18 09:55:00'),
('lccccccc-cccc-cccc-cccc-cccccccccccc', '44444444-5555-6666-7777-888888888888', 'accccccc-cccc-cccc-cccc-cccccccccccc', '2023-01-30 11:40:00'),
('lddddddd-dddd-dddd-dddd-dddddddddddd', '22222222-3333-4444-5555-666666666666', 'addddddd-dddd-dddd-dddd-dddddddddddd', '2023-01-03 14:15:00');